year,total_aep
2013,311.7350536883876
2014,311.7350536883876
2015,311.7350536883876
2016,311.7350536883876
2017,311.7350536883876
2018,311.7350536883876
2019,311.7350536883876
2020,311.7350536883876
2021,311.7350536883876
2022,311.7350536883876
2023,311.7350536883876
2024,311.7350536883876
